<?xml version="1.0" encoding="UTF-8"?>
<project version="4">
  <component name="AutoImportSettings">
    <option name="autoReloadType" value="SELECTIVE" />
  </component>
  <component name="ChangeListManager">
    <list default="true" id="2a2a4e62-32cb-487a-a38a-0731757afd8c" name="Changes" comment="" />
    <option name="SHOW_DIALOG" value="false" />
    <option name="HIGHLIGHT_CONFLICTS" value="true" />
    <option name="HIGHLIGHT_NON_ACTIVE_CHANGELIST" value="false" />
    <option name="LAST_RESOLUTION" value="IGNORE" />
  </component>
  <component name="FileTemplateManagerImpl">
    <option name="RECENT_TEMPLATES">
      <list>
        <option value="HTML File" />
        <option value="CSS File" />
      </list>
    </option>
  </component>
  <component name="ProblemsViewState">
    <option name="selectedTabId" value="DEPENDENCY_CHECKER_PROBLEMS_TAB" />
  </component>
  <component name="ProjectColorInfo">{
  &quot;associatedIndex&quot;: 7
}</component>
  <component name="ProjectId" id="2uk2djoKHdnaSlzzwAHzEIDot2O" />
  <component name="ProjectViewState">
    <option name="hideEmptyMiddlePackages" value="true" />
    <option name="showLibraryContents" value="true" />
  </component>
  <component name="PropertiesComponent">{
  &quot;keyToString&quot;: {
    &quot;DefaultHtmlFileTemplate&quot;: &quot;HTML File&quot;,
    &quot;JavaScript Debug.index.html.executor&quot;: &quot;Run&quot;,
    &quot;RunOnceActivity.ShowReadmeOnStart&quot;: &quot;true&quot;,
    &quot;last_opened_file_path&quot;: &quot;C:/Users/Lenovo/AppData/Roaming/JetBrains/WebStorm2024.3/light-edit/.idea&quot;,
    &quot;list.type.of.created.stylesheet&quot;: &quot;CSS&quot;,
    &quot;node.js.detected.package.eslint&quot;: &quot;true&quot;,
    &quot;node.js.detected.package.tslint&quot;: &quot;true&quot;,
    &quot;node.js.selected.package.eslint&quot;: &quot;(autodetect)&quot;,
    &quot;node.js.selected.package.tslint&quot;: &quot;(autodetect)&quot;,
    &quot;nodejs_package_manager_path&quot;: &quot;npm&quot;,
    &quot;vue.rearranger.settings.migration&quot;: &quot;true&quot;
  },
  &quot;keyToStringList&quot;: {
    &quot;com.intellij.ide.scratch.ScratchImplUtil$2/New Scratch File&quot;: [
      &quot;HTML&quot;
    ]
  }
}</component>
  <component name="RecentsManager">
    <key name="CopyFile.RECENT_KEYS">
      <recent name="C:\Users\Lenovo\AppData\Roaming\JetBrains\WebStorm2024.3\light-edit\.idea" />
    </key>
    <key name="MoveFile.RECENT_KEYS">
      <recent name="C:\Users\Lenovo\AppData\Roaming\JetBrains\WebStorm2024.3\light-edit\.idea" />
      <recent name="C:\Users\Lenovo\AppData\Roaming\JetBrains\WebStorm2024.3\light-edit" />
      <recent name="C:\Users\Lenovo\AppData\Roaming\JetBrains\WebStorm2024.3\light-edit\.idea\css\pics" />
      <recent name="C:\Users\Lenovo\AppData\Roaming\JetBrains\WebStorm2024.3\light-edit\.idea\css" />
      <recent name="C:\Users\Lenovo\AppData\Roaming\JetBrains\WebStorm2024.3\light-edit\pic" />
    </key>
  </component>
  <component name="SharedIndexes">
    <attachedChunks>
      <set>
        <option value="bundled-js-predefined-d6986cc7102b-1632447f56bf-JavaScript-WS-243.25659.40" />
      </set>
    </attachedChunks>
  </component>
  <component name="SpellCheckerSettings" RuntimeDictionaries="0" Folders="0" CustomDictionaries="0" DefaultDictionary="application-level" UseSingleDictionary="true" transferred="true" />
  <component name="TaskManager">
    <task active="true" id="Default" summary="Default task">
      <changelist id="2a2a4e62-32cb-487a-a38a-0731757afd8c" name="Changes" comment="" />
      <created>1742924019819</created>
      <option name="number" value="Default" />
      <option name="presentableId" value="Default" />
      <updated>1742924019819</updated>
      <workItem from="1742924021775" duration="36000" />
      <workItem from="1742924982553" duration="385000" />
      <workItem from="1742932693737" duration="129000" />
      <workItem from="1742932831899" duration="4290000" />
      <workItem from="1743177840781" duration="33174000" />
      <workItem from="1744630998634" duration="28614000" />
      <workItem from="1747254737355" duration="3379000" />
      <workItem from="1747259030618" duration="2678000" />
      <workItem from="1747570482305" duration="3968000" />
      <workItem from="1747574504510" duration="40393000" />
    </task>
    <servers />
  </component>
  <component name="TypeScriptGeneratedFilesManager">
    <option name="version" value="3" />
  </component>
</project>